[
    {
        "name": "杨劼",
        "sex": "女",
        "birthDay": "1965.02",
        "age": 53,
        "major": "植物生态学，草原生态学",
        "unit_xingzhi": "高等院校",
        "province": "内蒙古",
        "session": "第一届",
        "department_and_job": "内蒙古自治区科协副主席，内蒙古大学教授，副校长"
    },
    {
        "name": "龙亚秋",
        "sex": "女",
        "birthDay": "1968.11",
        "age": 50,
        "major": "抗艾病药物的设计和合成",
        "unit_xingzhi": "研究所",
        "province": "上海",
        "session": "第一届",
        "department_and_job": "中国科学院上海药物研究所课题组长博士生导师"
    },
    {
        "name": "林琳",
        "sex": "女",
        "birthDay": "1965.06",
        "age": 53,
        "major": "中医药治疗呼吸系统疾病",
        "unit_xingzhi": "医院",
        "province": "广东",
        "session": "第一届",
        "department_and_job": "广东省中医院呼吸科主任，主任医师，博士生导师"
    },
    {
        "name": "侯亚梅",
        "sex": "女",
        "birthDay": "1965.06",
        "age": 53,
        "major": "古人类学",
        "unit_xingzhi": "研究所",
        "province": "北京",
        "session": "第一届",
        "department_and_job": "中国科学院古脊椎动物与古人类研究所研究员"
    },
    {
        "name": "曾嵘",
        "sex": "女",
        "birthDay": "1972.11",
        "age": 46,
        "major": "生物化学与分子生物学",
        "unit_xingzhi": "研究所",
        "province": "上海",
        "session": "第二届",
        "department_and_job": "中国科学院上海生命科学研究院生物化学与细胞生物学研究所蛋白质组研究分析中心执行主任，研究员"
    },
    {
        "name": "李涛",
        "sex": "女",
        "birthDay": "1965.03",
        "age": 53,
        "major": "医学遗传学",
        "unit_xingzhi": "高等院校",
        "province": "四川",
        "session": "第二届",
        "department_and_job": "四川大学华西医院心理卫生中心教授"
    },
    {
        "name": "刘芝华",
        "sex": "女",
        "birthDay": "1965.11",
        "age": 53,
        "major": "分子肿瘤学",
        "unit_xingzhi": "研究所",
        "province": "北京",
        "session": "第二届",
        "department_and_job": "中国医学科学院肿瘤医院肿瘤研究所研究员，博士生导师"
    },
    {
        "name": "吕植",
        "sex": "女",
        "birthDay": "1965.05",
        "age": 53,
        "major": "动物学",
        "unit_xingzhi": "高等院校",
        "province": "北京",
        "session": "第二届",
        "department_and_job": "北京大学保护生物学教授"
    },
    {
        "name": "陈化兰",
        "sex": "女",
        "birthDay": "1969.03",
        "age": 49,
        "major": "预防兽医学",
        "unit_xingzhi": "研究所",
        "province": "黑龙江",
        "session": "第二届",
        "department_and_job": "中国农业科学院哈尔滨兽医研究所农业部动物流感重点开放实验室主任，研究员"
    },
    {
        "name": "吴志英",
        "sex": "女",
        "birthDay": "1967.08",
        "age": 51,
        "major": "神经病学",
        "unit_xingzhi": "高等院校",
        "province": "上海",
        "session": "第二届（提名奖）",
        "department_and_job": "复旦大学附属华山医院神经内科主任医师"
    },
    {
        "name": "姬秋梅",
        "sex": "女",
        "birthDay": "1965.07",
        "age": 53,
        "major": "家畜生产系统",
        "unit_xingzhi": "研究所",
        "province": "西藏",
        "session": "第二届（提名奖）",
        "department_and_job": "西藏自治区农牧科学院畜牧兽医研究所研究员"
    },
    {
        "name": "范代娣",
        "sex": "女",
        "birthDay": "1966.01",
        "age": 52,
        "major": "生物化工",
        "unit_xingzhi": "高等院校",
        "province": "陕西",
        "session": "第二届（提名奖）",
        "department_and_job": "西北大学化工学院副院长"
    },
    {
        "name": "章晓联",
        "sex": "女",
        "birthDay": "1965.01",
        "age": 53,
        "major": "生物化学",
        "unit_xingzhi": "高等院校",
        "province": "湖北",
        "session": "第二届（提名奖）",
        "department_and_job": "武汉大学基础医学院免疫学系病毒学国家重点实验室教授"
    },
    {
        "name": "孔令东",
        "sex": "女",
        "birthDay": "1965.01",
        "age": 53,
        "major": "中药制剂",
        "unit_xingzhi": "高等院校",
        "province": "江苏",
        "session": "第二届（提名奖）",
        "department_and_job": "南京大学生命科学学院副院长"
    },
    {
        "name": "卓嘎\n(藏族)",
        "sex": "女",
        "birthDay": "1972.02",
        "age": 46,
        "major": "高原气象研究",
        "unit_xingzhi": "研究所",
        "province": "西藏",
        "session": "第三届",
        "department_and_job": "西藏高原大气环境科学研究所高级工程师"
    },
    {
        "name": "王小云",
        "sex": "女",
        "birthDay": "1966.08",
        "age": 52,
        "major": "数论/密码学",
        "unit_xingzhi": "高等院校",
        "province": "山东",
        "session": "第三届",
        "department_and_job": "山东大学数学与系统科学学院/所长"
    },
    {
        "name": "杨晓",
        "sex": "女",
        "birthDay": "1967.06",
        "age": 51,
        "major": "发育和分子遗传学",
        "unit_xingzhi": "研究所",
        "province": "北京",
        "session": "第三届",
        "department_and_job": "军事医学科学院生物工程研究所发育和疾病遗传学研究室主任，研究员"
    },
    {
        "name": "谢毅",
        "sex": "女",
        "birthDay": "1967.07",
        "age": 51,
        "major": "无机化学",
        "unit_xingzhi": "高等院校",
        "province": "安徽",
        "session": "第三届",
        "department_and_job": "中国科学技术大学化学系教授"
    },
    {
        "name": "付玉杰",
        "sex": "女",
        "birthDay": "1967.09",
        "age": 51,
        "major": "植物学",
        "unit_xingzhi": "高等院校",
        "province": "黑龙江",
        "session": "第三届",
        "department_and_job": "东北林业大学林业生物制剂教育部工程研究中心主任\n"
    },
    {
        "name": "傅绥燕",
        "sex": "女",
        "birthDay": "1967.11",
        "age": 51,
        "major": "地球科学-空间物理学",
        "unit_xingzhi": "高等院校",
        "province": "北京",
        "session": "第三届（提名奖）",
        "department_and_job": "北京大学地球与空间科学学院党委副书记"
    },
    {
        "name": "黄如",
        "sex": "女",
        "birthDay": "1969.11",
        "age": 49,
        "major": "信息科学与系统科学-微电子学与固体电子学",
        "unit_xingzhi": "高等院校",
        "province": "北京",
        "session": "第三届（提名奖）",
        "department_and_job": "北京大学微纳电子学研究院院长"
    },
    {
        "name": "吴骊珠",
        "sex": "女",
        "birthDay": "1967.10",
        "age": 51,
        "major": "化学-超分子光化学",
        "unit_xingzhi": "研究所",
        "province": "北京",
        "session": "第三届（提名奖）",
        "department_and_job": "中国科学院理化技术研究所研究员"
    },
    {
        "name": "张拴勤",
        "sex": "女",
        "birthDay": "1970.11",
        "age": 48,
        "major": "物理学-伪装涂料和材料",
        "unit_xingzhi": "研究所",
        "province": "江苏",
        "session": "第三届（提名奖）",
        "department_and_job": "63983部队研究员"
    },
    {
        "name": "李惠",
        "sex": "女",
        "birthDay": "1966.11",
        "age": 52,
        "major": "力学-工程力学",
        "unit_xingzhi": "高等院校",
        "province": "黑龙江",
        "session": "第三届（提名奖）",
        "department_and_job": "哈尔滨工业大学教授"
    },
    {
        "name": "王雪梅",
        "sex": "女",
        "birthDay": "1968.07",
        "age": 50,
        "major": "生物电子学、生物分析化学 ",
        "unit_xingzhi": "高等院校",
        "province": "江苏",
        "session": "第四届",
        "department_and_job": "东南大学生物科学与医学工程学院教授"
    },
    {
        "name": "张纪岩",
        "sex": "女",
        "birthDay": "1972.08",
        "age": 46,
        "major": "信号传导",
        "unit_xingzhi": "研究所",
        "province": "北京",
        "session": "第四届",
        "department_and_job": "军事医学科学院基础医学研究所研究员(教授)"
    },
    {
        "name": "李国婧",
        "sex": "女",
        "birthDay": "1972.09",
        "age": 46,
        "major": "植物生理生化",
        "unit_xingzhi": "高等院校",
        "province": "内蒙古",
        "session": "第四届",
        "department_and_job": "内蒙古农业大学教授、博导、学科主任"
    },
    {
        "name": "胡薇",
        "sex": "女",
        "birthDay": "1972.09",
        "age": 46,
        "major": "分子寄生虫学",
        "unit_xingzhi": "高等院校",
        "province": "上海",
        "session": "第四届",
        "department_and_job": "复旦大学生命科学学院教授"
    },
    {
        "name": "董爱武",
        "sex": "女",
        "birthDay": "1970.09",
        "age": 48,
        "major": "植物分子生物学",
        "unit_xingzhi": "高等院校",
        "province": "上海",
        "session": "第四届",
        "department_and_job": "复旦大学生命科学学院生物化学系教授"
    },
    {
        "name": "冷琴",
        "sex": "女",
        "birthDay": "1969.03",
        "age": 49,
        "major": "古生物学-古植物学",
        "unit_xingzhi": "高等院校",
        "province": "江苏",
        "session": "第四届（提名奖）",
        "department_and_job": "Professor, Department of Science and Technology, College of Arts and Sciences, Bryant University, USA 美国布莱恩特大学科学与技术系教授\n"
    },
    {
        "name": "杨颖丽",
        "sex": "女",
        "birthDay": "1971.01",
        "age": 47,
        "major": "生命科学-植物生理与分子生物学",
        "unit_xingzhi": "高等院校",
        "province": "甘肃",
        "session": "第四届（提名奖）",
        "department_and_job": "西北师范大学生命科学学院科学系主任，教授"
    },
    {
        "name": "韩文玲",
        "sex": "女",
        "birthDay": "1970.09",
        "age": 48,
        "major": "免疫学-分子免疫",
        "unit_xingzhi": "高等院校",
        "province": "北京",
        "session": "第四届（提名奖）",
        "department_and_job": "北京大学医学部免疫学系副主任"
    },
    {
        "name": "于湘晖",
        "sex": "女",
        "birthDay": "1972.07",
        "age": 46,
        "major": "生物化学与分子生物-疫苗与基因治疗",
        "unit_xingzhi": "高等院校",
        "province": "吉林",
        "session": "第四届（提名奖）",
        "department_and_job": "吉林大学艾滋病疫苗国家工程实验室教授"
    },
    {
        "name": "李文笙",
        "sex": "女",
        "birthDay": "1967.11",
        "age": 51,
        "major": "动物学-鱼类生理及分子生物学",
        "unit_xingzhi": "高等院校",
        "province": "广东",
        "session": "第四届（提名奖）",
        "department_and_job": "中山大学生命科学学院教授,博士生导师"
    },
    {
        "name": "韩喜球",
        "sex": "女",
        "birthDay": "1969.01",
        "age": 49,
        "major": "海洋地质",
        "unit_xingzhi": "研究所",
        "province": "浙江",
        "session": "第五届",
        "department_and_job": "国家海洋局第二海洋研究所研究员"
    },
    {
        "name": "谭文",
        "sex": "女",
        "birthDay": "1968.08",
        "age": 50,
        "major": "肿瘤学(基础)",
        "unit_xingzhi": "研究所",
        "province": "北京",
        "session": "第五届",
        "department_and_job": "中国医学科学院肿瘤医院研究员"
    },
    {
        "name": "车文荃",
        "sex": "女",
        "birthDay": "1968.09",
        "age": 50,
        "major": "射频电路与系统",
        "unit_xingzhi": "高等院校",
        "province": "江苏",
        "session": "第五届",
        "department_and_job": "南京理工大学，教育实验学院常务副院长"
    },
    {
        "name": "盛美萍",
        "sex": "女",
        "birthDay": "1970.11",
        "age": 48,
        "major": "噪声控制",
        "unit_xingzhi": "高等院校",
        "province": "陕西",
        "session": "第五届",
        "department_and_job": "西北工业大学航海学院环境工程系主任教授"
    },
    {
        "name": "杨启华",
        "sex": "女",
        "birthDay": "1969.05",
        "age": 49,
        "major": "物理化学",
        "unit_xingzhi": "研究所",
        "province": "辽宁",
        "session": "第五届",
        "department_and_job": "大连化学物理研究所研究员，课题组长"
    },
    {
        "name": "毕银丽",
        "sex": "女",
        "birthDay": "1971.07",
        "age": 47,
        "major": "地球科学-土地复垦",
        "unit_xingzhi": "高等院校",
        "province": "北京",
        "session": "第五届（提名奖）",
        "department_and_job": "中国矿业大学(北京)教授"
    },
    {
        "name": "许群",
        "sex": "女",
        "birthDay": "1971.05",
        "age": 47,
        "major": "化学-材料化学",
        "unit_xingzhi": "高等院校",
        "province": "河南",
        "session": "第五届（提名奖）",
        "department_and_job": "郑州大学材料科学与工程学院教授，副院长"
    },
    {
        "name": "祝凌燕",
        "sex": "女",
        "birthDay": "1968.08",
        "age": 50,
        "major": "环境科学-污染生态化学",
        "unit_xingzhi": "高等院校",
        "province": "天津",
        "session": "第五届（提名奖）",
        "department_and_job": "南开大学环境科学与工程学院教授"
    },
    {
        "name": "王风平",
        "sex": "女",
        "birthDay": "1971.08",
        "age": 47,
        "major": "海洋生物学-海洋微生物",
        "unit_xingzhi": "研究所",
        "province": "福建",
        "session": "第五届（提名奖）",
        "department_and_job": "国家海洋局第三海洋研究所研究员"
    },
    {
        "name": "时晶",
        "sex": "女",
        "birthDay": "1971.07",
        "age": 47,
        "major": "中医内科学-神经变性病的发病机理和中医药防治策略研究",
        "unit_xingzhi": "高等院校",
        "province": "北京",
        "session": "第五届（提名奖）",
        "department_and_job": "北京中医药大学东直门医院副主任医师"
    },
    {
        "name": "于吉红",
        "sex": "女",
        "birthDay": "1967.01",
        "age": 51,
        "major": "无机化学",
        "unit_xingzhi": "高等院校",
        "province": "吉林",
        "session": "第六届",
        "department_and_job": "吉林大学化学学院教授"
    },
    {
        "name": "李宝会",
        "sex": "女",
        "birthDay": "1965.07",
        "age": 53,
        "major": "高分子物理",
        "unit_xingzhi": "高等院校",
        "province": "天津",
        "session": "第六届",
        "department_and_job": "南开大学物理科学学院教授"
    },
    {
        "name": "曾凡一",
        "sex": "女",
        "birthDay": "1968.01",
        "age": 50,
        "major": "发育生物学，医学遗传学",
        "unit_xingzhi": "高等院校",
        "province": "上海",
        "session": "第六届",
        "department_and_job": "上海交通大学医学遗传研究所副所长，上海交通大学医学院发育生物学研究室主任"
    },
    {
        "name": "李小英",
        "sex": "女",
        "birthDay": "1968.07",
        "age": 50,
        "major": "量子光学",
        "unit_xingzhi": "高等院校",
        "province": "天津",
        "session": "第六届",
        "department_and_job": "天津大学精密仪器与光电子工程学院教授"
    },
    {
        "name": "蒋澄宇",
        "sex": "女",
        "birthDay": "1964.11",
        "age": 54,
        "major": "呼吸分子药理学",
        "unit_xingzhi": "研究所",
        "province": "北京",
        "session": "第六届",
        "department_and_job": "北京协和医学院生物化学与分子生物学系、中国医学科学院基础医学研究所生化系教授"
    },
    {
        "name": "曹晓风",
        "sex": "女",
        "birthDay": "1965.05",
        "age": 53,
        "major": "植物表观遗传学",
        "unit_xingzhi": "研究所",
        "province": "北京",
        "session": "第七届",
        "department_and_job": "中国科学院遗传与发育生物学研究所，所长助理，基因组生物学中心主任；植物基因组学国家重点实验室副主任"
    },
    {
        "name": "杨丹",
        "sex": "女",
        "birthDay": "1965.01",
        "age": 53,
        "major": "有机化学",
        "unit_xingzhi": "高等院校",
        "province": "香港",
        "session": "第七届",
        "department_and_job": "香港大学化学系教授"
    },
    {
        "name": "王红艳",
        "sex": "女",
        "birthDay": "1966.01",
        "age": 52,
        "major": "医学遗传学",
        "unit_xingzhi": "高等院校",
        "province": "上海",
        "session": "第七届",
        "department_and_job": "复旦大学生命科学学院副院长、教授"
    },
    {
        "name": "王洁",
        "sex": "女",
        "birthDay": "1965.04",
        "age": 53,
        "major": "胸部肿瘤个体化内科治疗",
        "unit_xingzhi": "高等院校",
        "province": "北京",
        "session": "第七届",
        "department_and_job": "北京大学肿瘤医院胸部肿瘤内科科主任"
    },
    {
        "name": "姬秋梅\n(藏族)",
        "sex": "女",
        "birthDay": "1965.07",
        "age": 53,
        "major": "牦牛生产系统",
        "unit_xingzhi": "研究所",
        "province": "西藏",
        "session": "第七届",
        "department_and_job": "西藏自治区农牧科学院畜牧兽医研究所研究员"
    },
    {
        "name": "刘冰冰",
        "sex": "女",
        "birthDay": "1967.01",
        "age": 51,
        "major": "凝聚态物理",
        "unit_xingzhi": "高等院校",
        "province": "吉林",
        "session": "第七届",
        "department_and_job": "吉林大学超硬材料国家重点实验室副主任"
    },
    {
        "name": "胡建英",
        "sex": "女",
        "birthDay": "1965.04",
        "age": 53,
        "major": "环境地理",
        "unit_xingzhi": "高等院校",
        "province": "北京",
        "session": "第七届",
        "department_and_job": "北京大学城市与环境学院教授"
    },
    {
        "name": "朱美芳",
        "sex": "女",
        "birthDay": "1965.08",
        "age": 53,
        "major": "聚合物纤维及纳米复合材料",
        "unit_xingzhi": "高等院校",
        "province": "上海",
        "session": "第七届",
        "department_and_job": "东华大学材料科学与工程学院教授"
    },
    {
        "name": "支丽红",
        "sex": "女",
        "birthDay": "1969.06",
        "age": 49,
        "major": "计算机代数",
        "unit_xingzhi": "研究所",
        "province": "北京",
        "session": "第七届",
        "department_and_job": "中国科学院数学与系统科学研究院研究员"
    },
    {
        "name": "吴骊珠\n(回族)",
        "sex": "女",
        "birthDay": "1967.01",
        "age": 51,
        "major": "超分子光化学",
        "unit_xingzhi": "研究所",
        "province": "北京",
        "session": "第七届",
        "department_and_job": "中国科学院理化技术研究所研究员"
    },
    {
        "name": "刘浪",
        "sex": "女",
        "birthDay": "1973.09",
        "age": 45,
        "major": "材料物理与化学",
        "unit_xingzhi": "高等院校",
        "province": "新疆",
        "session": "第八届",
        "department_and_job": "新疆大学应用化学研究所副所长"
    },
    {
        "name": "吴嘉炜",
        "sex": "女",
        "birthDay": "1971.12",
        "age": 47,
        "major": "生物化学与分子生物学",
        "unit_xingzhi": "高等院校",
        "province": "北京",
        "session": "第八届",
        "department_and_job": "清华大学生命科学学院教授"
    },
    {
        "name": "陈萍",
        "sex": "女",
        "birthDay": "1968.11",
        "age": 50,
        "major": "物理化学",
        "unit_xingzhi": "研究所",
        "province": "辽宁",
        "session": "第八届",
        "department_and_job": "大连化学物理研究所，研究部部长"
    },
    {
        "name": "陈薇",
        "sex": "女",
        "birthDay": "1966.02",
        "age": 52,
        "major": "微生物与生化药学",
        "unit_xingzhi": "研究所",
        "province": "北京",
        "session": "第八届",
        "department_and_job": "军事医学科学院生物工程研究所所长"
    },
    {
        "name": "胡敏",
        "sex": "女",
        "birthDay": "1966.03",
        "age": 52,
        "major": "环境科学",
        "unit_xingzhi": "高等院校",
        "province": "北京",
        "session": "第八届",
        "department_and_job": "北京大学环境科学与工程学院教授"
    },
    {
        "name": "柳红",
        "sex": "女",
        "birthDay": "1970.04",
        "age": 48,
        "major": "药物化学",
        "unit_xingzhi": "研究所",
        "province": "上海",
        "session": "第八届",
        "department_and_job": "中国科学院上海药物研究所研究员/课题组长"
    },
    {
        "name": "赵艳",
        "sex": "女",
        "birthDay": "1968.02",
        "age": 50,
        "major": "自然地理学",
        "unit_xingzhi": "研究所",
        "province": "甘肃",
        "session": "第八届",
        "department_and_job": "中国科学院地理科学与资源研究所教授"
    },
    {
        "name": "赵书红",
        "sex": "女",
        "birthDay": "1967.11",
        "age": 51,
        "major": "动物遗传育种与繁殖",
        "unit_xingzhi": "高等院校",
        "province": "湖北",
        "session": "第八届",
        "department_and_job": "华中农业大学动物科技学院教授"
    },
    {
        "name": "崔东华",
        "sex": "女",
        "birthDay": "1970.03",
        "age": 48,
        "major": "武器系统与运用工程",
        "unit_xingzhi": "研究所",
        "province": "北京",
        "session": "第八届",
        "department_and_job": "海军装备研究院研究员"
    },
    {
        "name": "彭茹雯",
        "sex": "女",
        "birthDay": "1967.12",
        "age": 51,
        "major": "凝聚态物理",
        "unit_xingzhi": "高等院校",
        "province": "江苏",
        "session": "第八届",
        "department_and_job": "南京大学物理学院教授博士生导师"
    },
    {
        "name": "马旭村",
        "sex": "女",
        "birthDay": "1971.11",
        "age": 47,
        "major": "凝聚态物理",
        "unit_xingzhi": "研究所",
        "province": "北京",
        "session": "第九届",
        "department_and_job": "中国科学院物理研究所研究员"
    },
    {
        "name": "吴志英",
        "sex": "女",
        "birthDay": "1967.08",
        "age": 51,
        "major": "神经病学",
        "unit_xingzhi": "高等院校",
        "province": "上海",
        "session": "第九届",
        "department_and_job": "复旦大学附属华山医院神经内科主任医师"
    },
    {
        "name": "颜宁",
        "sex": "女",
        "birthDay": "1977.11",
        "age": 41,
        "major": "生物物理学",
        "unit_xingzhi": "高等院校",
        "province": "北京",
        "session": "第九届",
        "department_and_job": "清华大学医学院教授"
    },
    {
        "name": "勾晓华",
        "sex": "女",
        "birthDay": "1970.04",
        "age": 48,
        "major": "自然地理学",
        "unit_xingzhi": "高等院校",
        "province": "甘肃",
        "session": "第九届",
        "department_and_job": "兰州大学教授"
    },
    {
        "name": "卢磊",
        "sex": "女",
        "birthDay": "1970.04",
        "age": 48,
        "major": "材料学",
        "unit_xingzhi": "研究所",
        "province": "辽宁",
        "session": "第九届",
        "department_and_job": "中国科学院金属研究所研究员"
    },
    {
        "name": "魏丽萍",
        "sex": "女",
        "birthDay": "1972.04",
        "age": 46,
        "major": "遗传学",
        "unit_xingzhi": "高等院校",
        "province": "北京",
        "session": "第九届",
        "department_and_job": "北京大学生命科学学院生物信息中心教授、主任；北京生命科学研究所资深研究员"
    },
    {
        "name": "梁金玲",
        "sex": "女",
        "birthDay": "1974.09",
        "age": 44,
        "major": "应用数学",
        "unit_xingzhi": "高等院校",
        "province": "江苏",
        "session": "第九届",
        "department_and_job": "东南大学数学系教授"
    },
    {
        "name": "吴一弦",
        "sex": "女",
        "birthDay": "1967.02",
        "age": 51,
        "major": "高分子化学与物理",
        "unit_xingzhi": "高等院校",
        "province": "北京",
        "session": "第九届",
        "department_and_job": "北京化工大学系主任"
    },
    {
        "name": "马晶",
        "sex": "女",
        "birthDay": "1971.06",
        "age": 47,
        "major": "物理化学",
        "unit_xingzhi": "高等院校",
        "province": "江苏",
        "session": "第九届",
        "department_and_job": "南京大学化学化工学院教授"
    },
    {
        "name": "赵慧君",
        "sex": "女",
        "birthDay": "1974.07",
        "age": 44,
        "major": "临床检验诊断学",
        "unit_xingzhi": "高等院校",
        "province": "香港",
        "session": "第九届",
        "department_and_job": "香港中文大学医学院助理院长（研究），化学病理系教授"
    },
    {
        "name": "杜世萱",
        "sex": "女",
        "birthDay": "1970.11",
        "age": 48,
        "major": "物理学-凝聚态物理学",
        "unit_xingzhi": "研究所",
        "province": "北京",
        "session": "第十届",
        "department_and_job": "中国科学院物理研究所研究员"
    },
    {
        "name": "徐静娟",
        "sex": "女",
        "birthDay": "1968.10",
        "age": 50,
        "major": "化学-分析化学",
        "unit_xingzhi": "高等院校",
        "province": "江苏",
        "session": "第十届",
        "department_and_job": "南京大学国家重点实验室副主任"
    },
    {
        "name": "孟智勇",
        "sex": "女",
        "birthDay": "1969.09",
        "age": 49,
        "major": "地球科学-大气科学",
        "unit_xingzhi": "高等院校",
        "province": "北京",
        "session": "第十届",
        "department_and_job": "北京大学物理学院大气与海洋科学系研究员"
    },
    {
        "name": "曾璇",
        "sex": "女",
        "birthDay": "1969.04",
        "age": 49,
        "major": "信息科学与系统科学-信息科学与系统科学其他学科",
        "unit_xingzhi": "高等院校",
        "province": "上海",
        "session": "第十届",
        "department_and_job": "复旦大学信息科学与工程学院专用集成电路与系统国家重点实验室主任"
    },
    {
        "name": "雷群英",
        "sex": "女",
        "birthDay": "1971.03",
        "age": 47,
        "major": "生物学-生物化学",
        "unit_xingzhi": "高等院校",
        "province": "上海",
        "session": "第十届",
        "department_and_job": "复旦大学上海医学院教授"
    },
    {
        "name": "许凤",
        "sex": "女",
        "birthDay": "1970.06",
        "age": 48,
        "major": "林学-林业基础学科",
        "unit_xingzhi": "高等院校",
        "province": "北京",
        "session": "第十届",
        "department_and_job": "北京林业大学材料科学与技术学院教授"
    },
    {
        "name": "谢欣",
        "sex": "女",
        "birthDay": "1973.10",
        "age": 45,
        "major": "基础医学-药理学",
        "unit_xingzhi": "研究所",
        "province": "上海",
        "session": "第十届",
        "department_and_job": "中国科学院上海药物研究所－国家新药筛选中心副主任"
    },
    {
        "name": "于黎",
        "sex": "女",
        "birthDay": "1976.12",
        "age": 42,
        "major": "生物学-动物学",
        "unit_xingzhi": "高等院校",
        "province": "云南",
        "session": "第十届",
        "department_and_job": "云南大学生命科学学院副院长"
    },
    {
        "name": "王慧",
        "sex": "女",
        "birthDay": "1969.12",
        "age": 49,
        "major": "预防医学与公共卫生学-营养学",
        "unit_xingzhi": "研究所",
        "province": "上海",
        "session": "第十届",
        "department_and_job": "中国科学院上海生命科学研究院研究员、营养科学研究所食品安全研究中心主任"
    },
    {
        "name": "王晓晨",
        "sex": "女",
        "birthDay": "1969.07",
        "age": 49,
        "major": "生物学-细胞生物学",
        "unit_xingzhi": "研究所",
        "province": "北京",
        "session": "第十届",
        "department_and_job": "北京生命科学研究所研究组组长博士生导师"
    },
    {
        "name": "于翔",
        "sex": "女",
        "birthDay": "1974.11",
        "age": 44,
        "major": "神经生物学",
        "unit_xingzhi": "研究所",
        "province": "上海",
        "session": "第十一届",
        "department_and_job": "中国科学院上海生命科学院神经所研究员"
    },
    {
        "name": "刘建妮",
        "sex": "女",
        "birthDay": "1978.9",
        "age": 40,
        "major": "早期生命起源",
        "unit_xingzhi": "高等院校",
        "province": "陕西",
        "session": "第十一届",
        "department_and_job": "西北大学 教师"
    },
    {
        "name": "李永平",
        "sex": "女",
        "birthDay": "1970.8",
        "age": 48,
        "major": "流域管理、水文水资源、水环境",
        "unit_xingzhi": "高等院校",
        "province": "北京",
        "session": "第十一届",
        "department_and_job": "华北电力大学资源与环境研究院常务副院长"
    },
    {
        "name": "李英贤",
        "sex": "女",
        "birthDay": "1971.11",
        "age": 47,
        "major": "航天失重生理学",
        "unit_xingzhi": "其他",
        "province": "北京",
        "session": "第十一届",
        "department_and_job": "中国航天员科研训练中心"
    },
    {
        "name": "陈春英",
        "sex": "女",
        "birthDay": "1969.6",
        "age": 49,
        "major": "新型纳米结构与纳米生物医学",
        "unit_xingzhi": "其他",
        "province": "北京",
        "session": "第十一届",
        "department_and_job": "国家纳米科学中心"
    },
    {
        "name": "陈雪飞",
        "sex": "女",
        "birthDay": "1976.3",
        "age": 42,
        "major": "双星演化",
        "unit_xingzhi": "其他",
        "province": "云南",
        "session": "第十一届",
        "department_and_job": "中国科学院云南天文台 无行政职务"
    },
    {
        "name": "段慧玲",
        "sex": "女",
        "birthDay": "1970.5",
        "age": 48,
        "major": "力学-固体力学",
        "unit_xingzhi": "高等院校",
        "province": "北京",
        "session": "第十一届",
        "department_and_job": "北京大学工学院力学与工程科学系系主任"
    },
    {
        "name": "贾卫华",
        "sex": "女",
        "birthDay": "1970.7",
        "age": 48,
        "major": "恶性肿瘤分子流行病学",
        "unit_xingzhi": "高等院校",
        "province": "广东",
        "session": "第十一届",
        "department_and_job": "中山大学肿瘤防治中心/华南肿瘤学国家重点实验室"
    },
    {
        "name": "黄如",
        "sex": "女",
        "birthDay": "1969.11",
        "age": 49,
        "major": "微电子学",
        "unit_xingzhi": "高等院校",
        "province": "北京",
        "session": "第十一届",
        "department_and_job": "北京大学信息科学技术学院/副院长"
    },
    {
        "name": "廖红",
        "sex": "女",
        "birthDay": "1969.7",
        "age": 49,
        "major": "植物营养学",
        "unit_xingzhi": "高等院校",
        "province": "广东",
        "session": "第十一届",
        "department_and_job": "华南农业大学亚热带农业生物资源与保护国家重点实验室副主任"
    },
    {
        "name": "王玲华",
        "sex": "女",
        "birthDay": "1977.2",
        "age": 41,
        "major": "日球层高能粒子物理",
        "unit_xingzhi": "高等院校",
        "province": "北京",
        "session": "第十二届",
        "department_and_job": "北京大学地球与空间科学学院"
    },
    {
        "name": "李赞",
        "sex": "女",
        "birthDay": "1975.7",
        "age": 43,
        "major": "通信与信息系统",
        "unit_xingzhi": "高等院校",
        "province": "陕西",
        "session": "第十二届",
        "department_and_job": "西安电子科技大学综合业务网理论与关键技术（ISN）国家重点实验室"
    },
    {
        "name": "杨倩",
        "sex": "女",
        "birthDay": "1970.11",
        "age": 48,
        "major": "神经生物学",
        "unit_xingzhi": "高等院校",
        "province": "陕西",
        "session": "第十二届",
        "department_and_job": "第四军医大学神经外科"
    },
    {
        "name": "吴晨",
        "sex": "女",
        "birthDay": "1982.1",
        "age": 36,
        "major": "临床医学-肿瘤学",
        "unit_xingzhi": "医院",
        "province": "北京",
        "session": "第十二届",
        "department_and_job": "中国医学科学院肿瘤医院"
    },
    {
        "name": "吴蓓丽",
        "sex": "女",
        "birthDay": "1979.1",
        "age": 39,
        "major": "膜蛋白结构生物学",
        "unit_xingzhi": "研究所",
        "province": "上海",
        "session": "第十二届",
        "department_and_job": "中国科学院上海药物研究所"
    },
    {
        "name": "张丽华",
        "sex": "女",
        "birthDay": "1973.9",
        "age": 45,
        "major": "分析化学",
        "unit_xingzhi": "研究所",
        "province": "辽宁",
        "session": "第十二届",
        "department_and_job": "中国科学院大连化学物理研究所"
    },
    {
        "name": "胡海岚",
        "sex": "女",
        "birthDay": "1973.9",
        "age": 45,
        "major": "情感与社会行为的神经机制",
        "unit_xingzhi": "高等院校",
        "province": "浙江",
        "session": "第十二届",
        "department_and_job": "浙江大学神经科学中心"
    },
    {
        "name": "郭旺珍",
        "sex": "女",
        "birthDay": "1970.1",
        "age": 48,
        "major": "作物遗传育种",
        "unit_xingzhi": "高等院校",
        "province": "江苏",
        "session": "第十二届",
        "department_and_job": "南京农业大学农学院"
    },
    {
        "name": "彭新华",
        "sex": "女",
        "birthDay": "1978.6",
        "age": 40,
        "major": "量子信息与量子计算",
        "unit_xingzhi": "高等院校",
        "province": "安徽",
        "session": "第十二届",
        "department_and_job": "中国科学技术大学物理学院"
    },
    {
        "name": "王琳",
        "sex": "女",
        "birthDay": "1982.1",
        "age": 36,
        "major": "再生医学；创伤修复；生物材料",
        "unit_xingzhi": "高等院校",
        "province": "湖北",
        "session": "第十三届",
        "department_and_job": "华中科技大学附属协和医院再生医学研究中心主任，教授"
    },
    {
        "name": "王艳丽",
        "sex": "女",
        "birthDay": "1973.12",
        "age": 45,
        "major": "非编码RNA的结构与功能",
        "unit_xingzhi": "研究所",
        "province": "北京",
        "session": "第十三届",
        "department_and_job": "中国科学院生物物理研究所研究员"
    },
    {
        "name": "田梅",
        "sex": "女",
        "birthDay": "1972.7",
        "age": 46,
        "major": "核医学与分子影像的重大疾病诊治",
        "unit_xingzhi": "高等院校",
        "province": "浙江",
        "session": "第十三届",
        "department_and_job": "浙江大学医学院杭州滨江医院副院长"
    },
    {
        "name": "罗义",
        "sex": "女",
        "birthDay": "1971.8",
        "age": 47,
        "major": "环境地球化学",
        "unit_xingzhi": "高等院校",
        "province": "天津",
        "session": "第十三届",
        "department_and_job": "南开大学环境科学与工程学院"
    },
    {
        "name": "尹梅贞",
        "sex": "女",
        "birthDay": "1971.12",
        "age": 47,
        "major": "功能高分子材料",
        "unit_xingzhi": "高等院校",
        "province": "北京",
        "session": "第十三届",
        "department_and_job": "北京化工大学教授"
    },
    {
        "name": "陈玲玲",
        "sex": "女",
        "birthDay": "1977.12",
        "age": 41,
        "major": "长非编码RNA的代谢与功能",
        "unit_xingzhi": "研究所",
        "province": "上海",
        "session": "第十三届",
        "department_and_job": "中国科学院上海生命科学研究院研究员"
    },
    {
        "name": "杜兰",
        "sex": "女",
        "birthDay": "1980.3",
        "age": 38,
        "major": "雷达目标识别",
        "unit_xingzhi": "高等院校",
        "province": "陕西",
        "session": "第十三届",
        "department_and_job": "西安电子科技大学雷达信号处理重点实验室教授"
    },
    {
        "name": "范金燕",
        "sex": "女",
        "birthDay": "1973.1",
        "age": 45,
        "major": "非线性优化理论和方法",
        "unit_xingzhi": "高等院校",
        "province": "上海",
        "session": "第十三届",
        "department_and_job": "上海交通大学数学科学学院教授"
    },
    {
        "name": "周树云",
        "sex": "女",
        "birthDay": "1979.9",
        "age": 39,
        "major": "凝聚态实验物理",
        "unit_xingzhi": "高等院校",
        "province": "北京",
        "session": "第十三届",
        "department_and_job": "清华大学物理系教授"
    },
    {
        "name": "高利",
        "sex": "女",
        "birthDay": "1978.3",
        "age": 40,
        "major": "植物病理学",
        "unit_xingzhi": "研究所",
        "province": "北京",
        "session": "第十三届",
        "department_and_job": "中国农业科学院植物保护研究所研究员"
    },
    {
        "name": "吴晓群",
        "sex": "女",
        "birthDay": "1978.1",
        "age": 40,
        "major": "复杂系统与复杂网络",
        "unit_xingzhi": "高等院校",
        "province": "湖北",
        "session": "第十四届",
        "department_and_job": "武汉大学数学与统计学院，应用数学系主任"
    },
    {
        "name": "沈俊",
        "sex": "女",
        "birthDay": "1979.4",
        "age": 39,
        "major": "低温制冷",
        "unit_xingzhi": "研究所",
        "province": "北京",
        "session": "第十四届",
        "department_and_job": "中国科学院理化技术研究所"
    },
    {
        "name": "潘秀莲",
        "sex": "女",
        "birthDay": "1973.11",
        "age": 45,
        "major": "物理化学",
        "unit_xingzhi": "研究所",
        "province": "辽宁",
        "session": "第十四届",
        "department_and_job": "中国科学院大连化学物理研究所"
    },
    {
        "name": "张研",
        "sex": "女",
        "birthDay": "1974.12",
        "age": 44,
        "major": "神经生物学",
        "unit_xingzhi": "高等院校",
        "province": "北京",
        "session": "第十四届",
        "department_and_job": "北京大学生命科学学院，北京大学麦戈文脑研"
    },
    {
        "name": "许琪",
        "sex": "女",
        "birthDay": "1975.1",
        "age": 43,
        "major": "医学遗传学",
        "unit_xingzhi": "研究所",
        "province": "北京",
        "session": "第十四届",
        "department_and_job": "1.中国医学科学院基础医学研究所研究员；2.中国医学科学院神经科学中心常务副主任"
    },
    {
        "name": "杨莉",
        "sex": "女",
        "birthDay": "1974.4",
        "age": 44,
        "major": "内科学（肾脏病）",
        "unit_xingzhi": "高等院校",
        "province": "北京",
        "session": "第十四届",
        "department_and_job": "北京大学第一医院科研副院长"
    },
    {
        "name": "王沛芳",
        "sex": "女",
        "birthDay": "1973.11",
        "age": 45,
        "major": "水环境保护",
        "unit_xingzhi": "高等院校",
        "province": "江苏",
        "session": "第十四届",
        "department_and_job": "河海大学，环境学院院长"
    },
    {
        "name": "卢艳丽",
        "sex": "女",
        "birthDay": "1982.12",
        "age": 36,
        "major": "作物遗传育种",
        "unit_xingzhi": "高等院校",
        "province": "四川",
        "session": "第十四届",
        "department_and_job": "四川农业大学玉米研究所/所长"
    },
    {
        "name": "朱艳",
        "sex": "女",
        "birthDay": "1976.1",
        "age": 42,
        "major": "作物精确栽培",
        "unit_xingzhi": "高等院校",
        "province": "江苏",
        "session": "第十四届",
        "department_and_job": "南京农业大学农学院，院长"
    },
    {
        "name": "陶晓明",
        "sex": "女",
        "birthDay": "1981.4",
        "age": 37,
        "major": "无线多媒体通信",
        "unit_xingzhi": "高等院校",
        "province": "北京",
        "session": "第十四届",
        "department_and_job": "清华大学/无"
    }
]